[
  {
    "id": "cd21eada-3744-456c-9e43-716d9d810a0f",
    "data": [
      {
        "text": "not any",
        "userDefined": false
      }
    ],
    "isTemplate": false,
    "count": 0,
    "updated": 1502444378
  },
  {
    "id": "657e3910-1cae-47f8-ba85-091b7f085e72",
    "data": [
      {
        "text": "no task",
        "userDefined": false
      }
    ],
    "isTemplate": false,
    "count": 0,
    "updated": 1502444378
  },
  {
    "id": "eeaee066-4fbf-4d43-8f70-0cd844ac6b19",
    "data": [
      {
        "text": "no",
        "userDefined": false
      }
    ],
    "isTemplate": false,
    "count": 0,
    "updated": 1502444378
  }
]