[
  {
    "id": "08ef23e8-d3d5-4b29-8eca-a70e94ac1777",
    "data": [
      {
        "text": "fill timesheet",
        "userDefined": false
      }
    ],
    "isTemplate": false,
    "count": 0,
    "updated": 1502444416
  },
  {
    "id": "47c3ca42-b05f-4017-babb-ebd7cb309c72",
    "data": [
      {
        "text": "fill time sheet",
        "userDefined": false
      }
    ],
    "isTemplate": false,
    "count": 0,
    "updated": 0
  },
  {
    "id": "145b3547-1a69-4c8d-b446-9bc78a979229",
    "data": [
      {
        "text": "i need to fill my time sheet",
        "userDefined": false
      }
    ],
    "isTemplate": false,
    "count": 0,
    "updated": 0
  },
  {
    "id": "1c422afe-ffe3-41af-864c-28bc106c8bb5",
    "data": [
      {
        "text": "I want to fill my time sheet",
        "userDefined": false
      }
    ],
    "isTemplate": false,
    "count": 0,
    "updated": 0
  }
]